Job_Title,Company_Name,Company_Link,Job_Location,Employment_type,Job_function,Industries,Applicants
Software Engineer,Fieldguide,https://www.linkedin.com/company/fieldguide-inc?trk=public_jobs_jserp-result_job-search-card-subtitle,"San Francisco, CA",Full-time,Engineering and Information Technology,Software Development,122 applicants
New Grad Software Engineer (Back End),X1,https://www.linkedin.com/company/x1?trk=public_jobs_jserp-result_job-search-card-subtitle,United States,Full-time,Engineering and Information Technology,"Transportation, Logistics, Supply Chain and Storage",Over 200 applicants
Full Stack Developer,Nymbus,https://www.linkedin.com/company/nymbus?trk=public_jobs_jserp-result_job-search-card-subtitle,"Jacksonville, FL",Full-time,Engineering and Information Technology,"Technology, Information and Internet",Over 200 applicants
Don't see what you're looking for?,Ceros,https://www.linkedin.com/company/cerosdotcom?trk=public_jobs_jserp-result_job-search-card-subtitle,"New York, NY",Full-time,Other,"Technology, Information and Internet",39 applicants
New Grad Software Engineer (Product),X1,https://www.linkedin.com/company/x1?trk=public_jobs_jserp-result_job-search-card-subtitle,United States,Full-time,Engineering and Information Technology,"Transportation, Logistics, Supply Chain and Storage",Over 200 applicants
Software Engineer (Remote),The Home Depot,https://www.linkedin.com/company/the-home-depot?trk=public_jobs_jserp-result_job-search-card-subtitle,"Atlanta, GA",Full-time,Engineering and Information Technology,Retail,Over 200 applicants
Software Engineer (Entry Level),Patterned Learning AI,https://www.linkedin.com/company/patterned-learning?trk=public_jobs_jserp-result_job-search-card-subtitle,"Houston, TX",Full-time,Engineering and Information Technology,IT Services and IT Consulting,Over 200 applicants
Data Entry Specialist - Junior (Remote),HireMatch,https://www.linkedin.com/company/hire-match?trk=public_jobs_jserp-result_job-search-card-subtitle,"New York, NY",Full-time,Administrative,"Technology, Information and Internet",57 applicants
Jr. Data Entry Clerk / Full-Time (Remote),HireMatch,https://www.linkedin.com/company/hire-match?trk=public_jobs_jserp-result_job-search-card-subtitle,"Fort Worth, TX",Full-time,Administrative,Computer Networking Products,31 applicants
Software Engineer,Kickstarter,https://www.linkedin.com/company/kickstarter?trk=public_jobs_jserp-result_job-search-card-subtitle,"New York, NY",Full-time,Engineering and Information Technology,"Technology, Information and Internet",Over 200 applicants
Junior Data Entry Operator /Part Time -Remote G,Dackdhaulage,https://www.linkedin.com/company/dackdhaulage?trk=public_jobs_jserp-result_job-search-card-subtitle,"Georgia, United States",Part-time,Administrative,Staffing and Recruiting,Be among the first 25 applicants
Software Engineer,Pomelo Care,https://www.linkedin.com/company/pomelo-care?trk=public_jobs_jserp-result_job-search-card-subtitle,"New York, NY",Full-time,Engineering and Information Technology,"Technology, Information and Internet",119 applicants
Data Entry Representative - Entry Level (Remote),Staffing Now,https://www.linkedin.com/company/staffing-now?trk=public_jobs_jserp-result_job-search-card-subtitle,"New York, NY",Full-time,Administrative,Staffing and Recruiting,115 applicants
Junior Data Entry Operator /Part Time -Remote A,Dackdhaulage,https://www.linkedin.com/company/dackdhaulage?trk=public_jobs_jserp-result_job-search-card-subtitle,"New York, NY",Part-time,Administrative,Staffing and Recruiting,29 applicants
Back-end Software Engineer,Vibe Bio,https://www.linkedin.com/company/vibe-bio?trk=public_jobs_jserp-result_job-search-card-subtitle,"Boston, MA",Full-time,Engineering and Information Technology,Internet Publishing,Over 200 applicants
Junior Software Engineer - Global/Remote,MixRank,https://www.linkedin.com/company/mixrank?trk=public_jobs_jserp-result_job-search-card-subtitle,United States,Full-time,Engineering and Information Technology,Software Development,Over 200 applicants
SDET/Java Developer (Entry Level),Patterned Learning AI,https://www.linkedin.com/company/patterned-learning?trk=public_jobs_jserp-result_job-search-card-subtitle,"California, United States",Full-time,Engineering and Information Technology,IT Services and IT Consulting,Over 200 applicants
Software Engineer,Waldo,https://www.linkedin.com/company/usewaldo?trk=public_jobs_jserp-result_job-search-card-subtitle,"Brooklyn, NY",Full-time,Engineering and Information Technology,"Technology, Information and Internet",40 applicants
Vice President Software Development,Northwest Partners,https://www.linkedin.com/company/northwestpartners?trk=public_jobs_jserp-result_job-search-card-subtitle,United States,Full-time,Engineering and Information Technology,IT Services and IT Consulting and Financial Services,Over 200 applicants
Entry Level / Data Entry Assistant (Remote),Staffing Now,https://www.linkedin.com/company/staffing-now?trk=public_jobs_jserp-result_job-search-card-subtitle,"San Francisco, CA",Part-time,Other,Staffing and Recruiting,136 applicants
Front-End Developer,Bitwarden,https://www.linkedin.com/company/bitwarden1?trk=public_jobs_jserp-result_job-search-card-subtitle,"Santa Barbara, CA",Full-time,Engineering and Information Technology,"Technology, Information and Internet",Over 200 applicants
Java Front End Developer (Entry Level),Patterned Learning AI,https://www.linkedin.com/company/patterned-learning?trk=public_jobs_jserp-result_job-search-card-subtitle,"New York, NY",Full-time,Engineering and Information Technology,IT Services and IT Consulting,Be among the first 25 applicants
Junior Software Developer - Remote | WFH,Get It Recruit - Information Technology,https://www.linkedin.com/company/get-it-recruit-information-technology?trk=public_jobs_jserp-result_job-search-card-subtitle,"White Hall, AR",Full-time,Engineering and Information Technology,Human Resources Services,132 applicants
"Software Engineer, Full Stack",Tapcheck,https://www.linkedin.com/company/tapcheckinc?trk=public_jobs_jserp-result_job-search-card-subtitle,"Los Angeles, CA",Full-time,Engineering,"Technology, Information and Internet",Over 200 applicants
Remote Front-End Web Developer,Eleos Technologies,https://www.linkedin.com/company/eleos-technologies?trk=public_jobs_jserp-result_job-search-card-subtitle,United States,Full-time,Engineering and Information Technology,"Transportation, Logistics, Supply Chain and Storage",176 applicants
Don't see the perfect fit?,Lev,https://www.linkedin.com/company/levcapital?trk=public_jobs_jserp-result_job-search-card-subtitle,"New York, NY",Full-time,Other,"Technology, Information and Internet",Be among the first 25 applicants
Business Development Representative - Remote Option,Foley,https://www.linkedin.com/company/foley?trk=public_jobs_jserp-result_job-search-card-subtitle,United States,Full-time,Strategy/Planning and Information Technology,Human Resources Services,100 applicants
QA Manual Tester,ALIS Software LLC,https://www.linkedin.com/company/alissoftwarellc?trk=public_jobs_jserp-result_job-search-card-subtitle,United States,Contract,Quality Assurance,IT Services and IT Consulting,Over 200 applicants
Junior Data Scientist,Patterned Learning AI,https://www.linkedin.com/company/patterned-learning?trk=public_jobs_jserp-result_job-search-card-subtitle,"California, United States",Full-time,Engineering and Information Technology,IT Services and IT Consulting,Over 200 applicants
Full-Stack Software Engineer,Listella,https://www.linkedin.com/company/listella?trk=public_jobs_jserp-result_job-search-card-subtitle,"Orlando, FL",Full-time,Engineering,"Technology, Information and Internet",193 applicants
Full Stack Software Engineer - Growth,RocketReach,https://www.linkedin.com/company/rocketreach.co?trk=public_jobs_jserp-result_job-search-card-subtitle,"Chicago, IL",Full-time,Engineering and Information Technology,"Technology, Information and Internet",31 applicants
Head of Finance,Coterie,https://www.linkedin.com/company/coterieinc?trk=public_jobs_jserp-result_job-search-card-subtitle,"New York, NY",Full-time,Finance and Sales,"Technology, Information and Internet",Over 200 applicants
Software Engineer,Check,https://www.linkedin.com/company/check-technologies?trk=public_jobs_jserp-result_job-search-card-subtitle,"San Francisco, CA",Full-time,Engineering and Information Technology,"Technology, Information and Internet",Over 200 applicants
Software Developer,"SocialMadeSimple, LLC",https://www.linkedin.com/company/socialmadesimple?trk=public_jobs_jserp-result_job-search-card-subtitle,"Fort Worth, TX",Full-time,Engineering and Information Technology,Internet Publishing,Over 200 applicants
Junior Data Entry Operator /Part Time -Remote B,Dackdhaulage,https://www.linkedin.com/company/dackdhaulage?trk=public_jobs_jserp-result_job-search-card-subtitle,"Nevada, United States",Part-time,Administrative,Staffing and Recruiting,Be among the first 25 applicants
Chief Technology Officer,Belle,https://www.linkedin.com/company/belle?trk=public_jobs_jserp-result_job-search-card-subtitle,"Nashville, TN",Full-time,Information Technology,Internet Publishing,Over 200 applicants
Software Developer,HR Logics,https://www.linkedin.com/company/hr-logics?trk=public_jobs_jserp-result_job-search-card-subtitle,"Birmingham, AL",Full-time,Information Technology,"Technology, Information and Internet",50 applicants
Jr Software Developer - Remote | WFH,Get It Recruit - Information Technology,https://www.linkedin.com/company/get-it-recruit-information-technology?trk=public_jobs_jserp-result_job-search-card-subtitle,"Mountain Brook, AL",Full-time,Engineering and Information Technology,Human Resources Services,67 applicants
"Software Engineer (Remote) - React, Node",ECP,https://www.linkedin.com/company/extended-care-professional?trk=public_jobs_jserp-result_job-search-card-subtitle,"Milwaukee, WI",Full-time,Engineering,"Technology, Information and Internet",Over 200 applicants
Back-End Software Engineer,Patterned Learning AI,https://www.linkedin.com/company/patterned-learning?trk=public_jobs_jserp-result_job-search-card-subtitle,"San Francisco, CA",Full-time,Engineering and Information Technology,Software Development,166 applicants
Software Support Technician,WorkWave,https://www.linkedin.com/company/workwave?trk=public_jobs_jserp-result_job-search-card-subtitle,United States,Full-time,Information Technology,"Transportation, Logistics, Supply Chain and Storage",149 applicants
Full Stack Software Developer,KEV Group,https://ca.linkedin.com/company/kev-group?trk=public_jobs_jserp-result_job-search-card-subtitle,"Washington, United States",Full-time,Engineering and Information Technology,Software Development,Over 200 applicants
Junior Level / Entry Level Data Analyst (Remote),SynergisticIT,https://www.linkedin.com/company/synergisticit?trk=public_jobs_jserp-result_job-search-card-subtitle,"Seattle, WA",Full-time,Information Technology,IT Services and IT Consulting,158 applicants
Full Stack Software Engineer,Lightdash,https://www.linkedin.com/company/lightdash?trk=public_jobs_jserp-result_job-search-card-subtitle,United States,Full-time,Engineering and Information Technology,Software Development,Over 200 applicants
Software Engineer,Mesh,https://www.linkedin.com/company/mesh-identity?trk=public_jobs_jserp-result_job-search-card-subtitle,"Seattle, WA",Full-time,Engineering,"Technology, Information and Internet",Over 200 applicants
Junior Robotics Software Engineer - US/Canada,Patterned Learning AI,https://www.linkedin.com/company/patterned-learning?trk=public_jobs_jserp-result_job-search-card-subtitle,"New York, NY",Full-time,Engineering and Information Technology,IT Services and IT Consulting,Be among the first 25 applicants
Designer,Pinwheel,https://www.linkedin.com/company/pinwheelhq?trk=public_jobs_jserp-result_job-search-card-subtitle,"New York, NY",Full-time,"Design, Art/Creative, and Information Technology","Technology, Information and Internet",Over 200 applicants
Software Engineer (Remote),Lingraphica,https://www.linkedin.com/company/lingraphica?trk=public_jobs_jserp-result_job-search-card-subtitle,"Princeton, NJ",,,,
Full Stack Engineer,KG Invicta Services (KGiS),https://in.linkedin.com/company/kgis?trk=public_jobs_jserp-result_job-search-card-subtitle,United States,Full-time,Engineering and Information Technology,Outsourcing and Offshoring Consulting,Over 200 applicants
Technical (UX) Writer,SpiderOak,https://www.linkedin.com/company/spideroak?trk=public_jobs_jserp-result_job-search-card-subtitle,"Chicago, IL",Full-time,Information Technology,Internet Publishing,Over 200 applicants
Full-Stack Software Engineer,Visana Health,https://www.linkedin.com/company/visana-health?trk=public_jobs_jserp-result_job-search-card-subtitle,United States,Full-time,Engineering and Information Technology,Hospitals and Health Care,108 applicants
Junior Data Entry Operator | Full-Time (Remote),HireMatch,https://www.linkedin.com/company/hire-match?trk=public_jobs_jserp-result_job-search-card-subtitle,"San Antonio, TX",Full-time,Administrative,Market Research,Be among the first 25 applicants
Project Manager,Rishabh Software,https://in.linkedin.com/company/rishabh-software?trk=public_jobs_jserp-result_job-search-card-subtitle,United States,Contract,Project Management and Information Technology,IT Services and IT Consulting,Over 200 applicants
Software Engineer,NCX,https://www.linkedin.com/company/ncx-carbon?trk=public_jobs_jserp-result_job-search-card-subtitle,"San Francisco, CA",Full-time,Engineering and Information Technology,"Technology, Information and Internet",45 applicants
Account Executive,WorkWave,https://www.linkedin.com/company/workwave?trk=public_jobs_jserp-result_job-search-card-subtitle,United States,Full-time,Sales and Business Development,"Transportation, Logistics, Supply Chain and Storage",106 applicants
Remote Data Entry Operator / Entry Level,Staffing Now,https://www.linkedin.com/company/staffing-now?trk=public_jobs_jserp-result_job-search-card-subtitle,"Los Angeles, CA",Part-time,Administrative,Staffing and Recruiting,105 applicants
Software Engineer,Warp,https://www.linkedin.com/company/warpdotdev?trk=public_jobs_jserp-result_job-search-card-subtitle,"New York, NY",Full-time,Engineering and Information Technology,"Technology, Information and Internet",155 applicants
Level Designer - Full Time,Filament Games,https://www.linkedin.com/company/filament-games?trk=public_jobs_jserp-result_job-search-card-subtitle,"Madison, WI",Full-time,"Design, Art/Creative, and Information Technology","Technology, Information and Internet",115 applicants
Backend Software Engineer (Python/Django),Cognitive Space,https://www.linkedin.com/company/cognitivespace?trk=public_jobs_jserp-result_job-search-card-subtitle,"Houston, TX",Full-time,Engineering and Information Technology,Space Research and Technology,160 applicants
Strategy Associate,Lucid Software,https://www.linkedin.com/company/lucidsoftware?trk=public_jobs_jserp-result_job-search-card-subtitle,United States,Full-time,Business Development and Sales,Software Development,Over 200 applicants
Software Engineering Intern,Stackshine (YC W22),https://www.linkedin.com/company/stackshine?trk=public_jobs_jserp-result_job-search-card-subtitle,United States,Internship,Engineering and Information Technology,Software Development,Over 200 applicants
Software Engineer (Web) - Remote,TWO MEN AND A TRUCK®,https://www.linkedin.com/company/two-men-and-a-truck?trk=public_jobs_jserp-result_job-search-card-subtitle,"Michigan, United States",Full-time,Engineering and Information Technology,Truck Transportation,Be among the first 25 applicants
"Software Engineer, Full-Stack (Remote)",Supermove,https://www.linkedin.com/company/supermoveco?trk=public_jobs_jserp-result_job-search-card-subtitle,United States,Full-time,Engineering and Information Technology,Software Development,Over 200 applicants
Frontend Software Engineer,CreatorDAO,https://www.linkedin.com/company/creatordao?trk=public_jobs_jserp-result_job-search-card-subtitle,"Los Angeles, CA",Full-time,Engineering and Information Technology,"Technology, Information and Internet",Over 200 applicants
Software Engineer,540,https://www.linkedin.com/company/540co?trk=public_jobs_jserp-result_job-search-card-subtitle,"Arlington, VA",Full-time,Engineering and Information Technology,"Technology, Information and Internet",31 applicants
Associate Software Engineer,Warner Bros. Discovery,https://www.linkedin.com/company/warner-bros-discovery?trk=public_jobs_jserp-result_job-search-card-subtitle,"Boston, MA",Full-time,Engineering and Information Technology,Entertainment Providers,Be among the first 25 applicants
Junior Level/ Entry Level Software Engineer (Remote),SynergisticIT,https://www.linkedin.com/company/synergisticit?trk=public_jobs_jserp-result_job-search-card-subtitle,"Indianapolis, IN",Contract,Engineering and Information Technology,IT Services and IT Consulting,56 applicants
Junior Data Entry Operator /Part Time -Remote C,Dackdhaulage,https://www.linkedin.com/company/dackdhaulage?trk=public_jobs_jserp-result_job-search-card-subtitle,"Alabama, United States",Part-time,Administrative,Staffing and Recruiting,Be among the first 25 applicants
Junior Data Entry Operator /Part Time -Remote J,Dackdhaulage,https://www.linkedin.com/company/dackdhaulage?trk=public_jobs_jserp-result_job-search-card-subtitle,"Kansas, United States",Part-time,Administrative,Staffing and Recruiting,Be among the first 25 applicants
Senior Frontend Engineer,nZero,https://www.linkedin.com/company/nzerocarbonmanagement?trk=public_jobs_jserp-result_job-search-card-subtitle,"Reno, NV",Full-time,Engineering and Information Technology,"Technology, Information and Internet",36 applicants
Entry Level Python Developer (Remote),SynergisticIT,https://www.linkedin.com/company/synergisticit?trk=public_jobs_jserp-result_job-search-card-subtitle,"Tempe, AZ",Full-time,Engineering and Information Technology,IT Services and IT Consulting,125 applicants
Business Development & Partnerships,Pinwheel,https://www.linkedin.com/company/pinwheelhq?trk=public_jobs_jserp-result_job-search-card-subtitle,"New York, NY",Full-time,Business Development and Sales,"Technology, Information and Internet",65 applicants
Software Engineer - Fully Remote - PHP/Javascript/MySQL - Remote | WFH,Get It Recruit - Information Technology,https://www.linkedin.com/company/get-it-recruit-information-technology?trk=public_jobs_jserp-result_job-search-card-subtitle,"Yalesville, CT",Full-time,Engineering and Information Technology,Human Resources Services,151 applicants
Associate Software Engineer,Warner Bros. Discovery,https://www.linkedin.com/company/warner-bros-discovery?trk=public_jobs_jserp-result_job-search-card-subtitle,"Austin, TX",Full-time,Engineering and Information Technology,Entertainment Providers,Be among the first 25 applicants
Software Engineer - Fullstack,Arketa,https://www.linkedin.com/company/arketa?trk=public_jobs_jserp-result_job-search-card-subtitle,United States,Full-time,Engineering and Information Technology,Wellness and Fitness Services,Over 200 applicants
Software Engineer - Fullstack,Arketa,https://www.linkedin.com/company/arketa?trk=public_jobs_jserp-result_job-search-card-subtitle,United States,Full-time,Engineering and Information Technology,Wellness and Fitness Services,Over 200 applicants
Software Engineer - Backend,0x,https://www.linkedin.com/company/0x?trk=public_jobs_jserp-result_job-search-card-subtitle,"San Francisco, CA",Full-time,Engineering and Information Technology,"Technology, Information and Internet",145 applicants
Software Engineer,Xactus,https://www.linkedin.com/company/xactus-llc?trk=public_jobs_jserp-result_job-search-card-subtitle,"Broomall, PA",Full-time,Engineering and Information Technology,Information Services,60 applicants
"Software Development Manager, Senior",Varis,https://www.linkedin.com/company/varis?trk=public_jobs_jserp-result_job-search-card-subtitle,United States,Full-time,Engineering and Information Technology,Software Development,79 applicants
Frontend Software Engineer,Sage,https://www.linkedin.com/company/hellosage?trk=public_jobs_jserp-result_job-search-card-subtitle,"New York, NY",Full-time,Engineering and Information Technology,"Technology, Information and Internet",Over 200 applicants
Frontend Developer,Parallel,https://www.linkedin.com/company/useparallel?trk=public_jobs_jserp-result_job-search-card-subtitle,"Texas, United States",,,,68 applicants
Full Stack Engineer,Arootah,https://www.linkedin.com/company/arootahcoach?trk=public_jobs_jserp-result_job-search-card-subtitle,"New York, NY",Temporary,Engineering and Information Technology,"Technology, Information and Internet",Be among the first 25 applicants
Front-End Software Engineer US/Canada,Patterned Learning AI,https://www.linkedin.com/company/patterned-learning?trk=public_jobs_jserp-result_job-search-card-subtitle,"Los Angeles, CA",Full-time,Engineering and Information Technology,IT Services and IT Consulting,168 applicants
Software Engineer,Gauntlet,https://www.linkedin.com/company/gauntlet?trk=public_jobs_jserp-result_job-search-card-subtitle,Los Angeles Metropolitan Area,Contract,Engineering and Information Technology,"Transportation, Logistics, Supply Chain and Storage",49 applicants
Software Engineer,Xactus,https://www.linkedin.com/company/xactus-llc?trk=public_jobs_jserp-result_job-search-card-subtitle,"Boston, MA",Full-time,Engineering and Information Technology,Information Services,88 applicants
Full Stack Engineer,MNTN,https://www.linkedin.com/company/wearemntn?trk=public_jobs_jserp-result_job-search-card-subtitle,"Austin, TX",Full-time,Engineering and Information Technology,"Technology, Information and Internet",47 applicants
Software Engineer,Xactus,https://www.linkedin.com/company/xactus-llc?trk=public_jobs_jserp-result_job-search-card-subtitle,"Charlotte, NC",Full-time,Engineering and Information Technology,Information Services,36 applicants
Junior Software Analyst (Remote),SynergisticIT,https://www.linkedin.com/company/synergisticit?trk=public_jobs_jserp-result_job-search-card-subtitle,"San Jose, CA",Contract,Engineering and Information Technology,IT Services and IT Consulting,26 applicants
Software Engineer,Prelim,https://www.linkedin.com/company/prelimsolutions?trk=public_jobs_jserp-result_job-search-card-subtitle,"San Francisco, CA",Full-time,Engineering and Information Technology,"Transportation, Logistics, Supply Chain and Storage",Over 200 applicants
Software Engineer,Prelim,https://www.linkedin.com/company/prelimsolutions?trk=public_jobs_jserp-result_job-search-card-subtitle,United States,Full-time,Engineering and Information Technology,Software Development,Over 200 applicants
"Software Engineer, Full Stack",Links Golf Club,https://www.linkedin.com/company/links-golf?trk=public_jobs_jserp-result_job-search-card-subtitle,"New York, NY",Full-time,Engineering and Information Technology,"Technology, Information and Internet",38 applicants
Business Analyst,ALIS Software LLC,https://www.linkedin.com/company/alissoftwarellc?trk=public_jobs_jserp-result_job-search-card-subtitle,United States,Contract,"Research, Analyst, and Information Technology",IT Services and IT Consulting,Over 200 applicants
Software Engineer,"Edacious, PBC",https://www.linkedin.com/company/edacious?trk=public_jobs_jserp-result_job-search-card-subtitle,"Marlborough, MA",Full-time,Engineering and Information Technology,"Transportation, Logistics, Supply Chain and Storage",92 applicants
Full Stack Web Software Engineer,"Global Hires, LLC",https://www.linkedin.com/company/global-hires-llc?trk=public_jobs_jserp-result_job-search-card-subtitle,"San Mateo, CA",Full-time,Engineering and Information Technology,"Technology, Information and Internet",31 applicants
General Interest Application- Engineering,Jasper,https://www.linkedin.com/company/heyjasperai?trk=public_jobs_jserp-result_job-search-card-subtitle,"Austin, TX",Full-time,"Other, Information Technology, and Management","Technology, Information and Internet",Be among the first 25 applicants
Full Stack Engineer,Rubicon Carbon,https://www.linkedin.com/company/rubicon-carbon?trk=public_jobs_jserp-result_job-search-card-subtitle,"New York, NY",Full-time,Engineering and Information Technology,"Technology, Information and Internet",Be among the first 25 applicants
Backend Software Engineer,Sage,https://www.linkedin.com/company/hellosage?trk=public_jobs_jserp-result_job-search-card-subtitle,"New York, NY",Full-time,Engineering and Information Technology,"Technology, Information and Internet",66 applicants
"Director, Quality Engineering",Cordial,https://www.linkedin.com/company/becordial?trk=public_jobs_jserp-result_job-search-card-subtitle,"San Diego, CA",Full-time,Engineering and Information Technology,"Technology, Information and Internet",Over 200 applicants
Software Engineer (React/Node),Articulate,https://www.linkedin.com/company/articulate?trk=public_jobs_jserp-result_job-search-card-subtitle,"Atlanta, GA",Full-time,Engineering and Information Technology,"Technology, Information and Internet",Over 200 applicants
Application Engineer (Entry Level),Patterned Learning AI,https://www.linkedin.com/company/patterned-learning?trk=public_jobs_jserp-result_job-search-card-subtitle,"New York, NY",Full-time,Engineering and Information Technology,IT Services and IT Consulting,Be among the first 25 applicants
Software Engineer,Allnessjobs,https://www.linkedin.com/company/allnessjobs?trk=public_jobs_jserp-result_job-search-card-subtitle,United States,Contract,Engineering and Information Technology,Human Resources Services,Over 200 applicants
Sr. Full Stack Software Engineer,Privy,https://www.linkedin.com/company/privypro?trk=public_jobs_jserp-result_job-search-card-subtitle,United States,Full-time,Engineering and Information Technology,Software Development,Over 200 applicants
Frontend Software Engineer (Remote),Subskribe,https://www.linkedin.com/company/subskribe?trk=public_jobs_jserp-result_job-search-card-subtitle,"San Ramon, CA",Full-time,Engineering and Information Technology,"Technology, Information and Internet",Over 200 applicants
Software Engineer II,LoadUp,https://www.linkedin.com/company/goloadup?trk=public_jobs_jserp-result_job-search-card-subtitle,"Atlanta, GA",Full-time,Engineering and Information Technology,Internet Publishing,Over 200 applicants
Software Developer JAVA/SQL (multiple positions),"Trinity Technology Partners, Inc.",https://www.linkedin.com/company/trinity-technology-partners-inc.?trk=public_jobs_jserp-result_job-search-card-subtitle,"Lanham, MD",Full-time,Engineering and Information Technology,Internet Publishing,138 applicants
Full Stack Software Engineer,Rutter,https://www.linkedin.com/company/rutter?trk=public_jobs_jserp-result_job-search-card-subtitle,"New York, NY",Full-time,Engineering and Information Technology,Software Development,Over 200 applicants
Full Stack Software Engineer - Prospecting,RocketReach,https://www.linkedin.com/company/rocketreach.co?trk=public_jobs_jserp-result_job-search-card-subtitle,"Chicago, IL",Full-time,Engineering and Information Technology,"Technology, Information and Internet",37 applicants
Software Engineer II (Remote),The Home Depot,https://www.linkedin.com/company/the-home-depot?trk=public_jobs_jserp-result_job-search-card-subtitle,"Atlanta, GA",Full-time,Engineering and Information Technology,Retail,Over 200 applicants
Software Engineer,LinkedIn Pulse,https://www.linkedin.com/company/pulse-news?trk=public_jobs_jserp-result_job-search-card-subtitle,"Cherry Hill, NJ",Full-time,Engineering and Information Technology,Software Development,Over 200 applicants
Software Engineer,Rocksbox,https://www.linkedin.com/company/rocksbox?trk=public_jobs_jserp-result_job-search-card-subtitle,"San Francisco, CA",Full-time,Engineering and Information Technology,"Technology, Information and Internet",42 applicants
Software Engineer,Standard Metrics,https://www.linkedin.com/company/standardmetrics?trk=public_jobs_jserp-result_job-search-card-subtitle,"San Francisco, CA",Full-time,Engineering and Information Technology,"Technology, Information and Internet",Be among the first 25 applicants
Junior Data Entry Operator /Part Time -Remote H,Dackdhaulage,https://www.linkedin.com/company/dackdhaulage?trk=public_jobs_jserp-result_job-search-card-subtitle,"Idaho, United States",Part-time,Administrative,Staffing and Recruiting,Be among the first 25 applicants
Full-Stack Software Engineer (Go and Vue),Jackbox Games,https://www.linkedin.com/company/jackbox-games?trk=public_jobs_jserp-result_job-search-card-subtitle,"Chicago, IL",Full-time,Engineering,"Technology, Information and Internet",108 applicants
Front End Engineer,AssemblyAI,https://www.linkedin.com/company/assemblyai?trk=public_jobs_jserp-result_job-search-card-subtitle,"San Francisco, CA",Full-time,Engineering and Information Technology,"Technology, Information and Internet",Over 200 applicants
Software Engineer,InStride Health,https://www.linkedin.com/company/instride-health?trk=public_jobs_jserp-result_job-search-card-subtitle,"Boston, MA",Full-time,Engineering and Information Technology,"Technology, Information and Internet",49 applicants
Software Engineer-Java,ALIS Software LLC,https://www.linkedin.com/company/alissoftwarellc?trk=public_jobs_jserp-result_job-search-card-subtitle,United States,Contract,Engineering and Information Technology,IT Services and IT Consulting,Over 200 applicants
Junior Data Entry Operator /Part Time -Remote E,Dackdhaulage,https://www.linkedin.com/company/dackdhaulage?trk=public_jobs_jserp-result_job-search-card-subtitle,"California, United States",Part-time,Administrative,Staffing and Recruiting,Be among the first 25 applicants
Junior Data Analyst (Remote),SynergisticIT,https://www.linkedin.com/company/synergisticit?trk=public_jobs_jserp-result_job-search-card-subtitle,"Baltimore, MD",Full-time,Information Technology,IT Services and IT Consulting,Be among the first 25 applicants
Software Engineer - Backend,Arketa,https://www.linkedin.com/company/arketa?trk=public_jobs_jserp-result_job-search-card-subtitle,United States,Full-time,Engineering and Information Technology,Wellness and Fitness Services,89 applicants
Software Engineer (Python),Garner Health,https://www.linkedin.com/company/getgarner?trk=public_jobs_jserp-result_job-search-card-subtitle,"Philadelphia, PA",Full-time,Engineering and Information Technology,"Technology, Information and Internet",70 applicants
Full-Stack Software Engineer,MD.ai,https://www.linkedin.com/company/mdai?trk=public_jobs_jserp-result_job-search-card-subtitle,"New York, NY",Full-time,Engineering and Information Technology,"Technology, Information and Internet",30 applicants
Software Engineer,Tern,https://www.linkedin.com/company/terncommerce?trk=public_jobs_jserp-result_job-search-card-subtitle,"Atlanta, GA",Full-time,Engineering,"Technology, Information and Internet",Be among the first 25 applicants
Backend Software Engineer,Hazel Health,https://www.linkedin.com/company/hazelhealth?trk=public_jobs_jserp-result_job-search-card-subtitle,"San Francisco, CA",Full-time,Engineering and Information Technology,"Technology, Information and Internet",34 applicants
Director of Software Development,Angeion Group,https://www.linkedin.com/company/angeion-group?trk=public_jobs_jserp-result_job-search-card-subtitle,"Philadelphia, PA",Full-time,Engineering and Information Technology,Internet Publishing,Over 200 applicants
Senior Software Engineer (Remote),obé Fitness,https://www.linkedin.com/company/our-body-electric-llc?trk=public_jobs_jserp-result_job-search-card-subtitle,"New York, NY",Full-time,Engineering and Information Technology,Wellness and Fitness Services,Be among the first 25 applicants
Full Stack Engineer,Belong Health,https://www.linkedin.com/company/belonghealth?trk=public_jobs_jserp-result_job-search-card-subtitle,"New York, NY",Full-time,Engineering and Information Technology,"Technology, Information and Internet",Be among the first 25 applicants
Front End Engineer,Snickerdoodle Labs,https://www.linkedin.com/company/snickerdoodlelabs?trk=public_jobs_jserp-result_job-search-card-subtitle,"San Jose, CA",Full-time,Engineering and Information Technology,"Technology, Information and Internet",Over 200 applicants
Junior Software Engineer - Remote in Mexico,First Advantage,https://www.linkedin.com/company/first-advantage?trk=public_jobs_jserp-result_job-search-card-subtitle,United States,Full-time,Engineering and Information Technology,IT Services and IT Consulting,Over 200 applicants
Entry level Software programmer (Remote),SynergisticIT,https://www.linkedin.com/company/synergisticit?trk=public_jobs_jserp-result_job-search-card-subtitle,"Jackson, MS",Contract,Engineering and Information Technology,IT Services and IT Consulting,Be among the first 25 applicants
Join Form Bio,Form Bio,https://www.linkedin.com/company/formbio?trk=public_jobs_jserp-result_job-search-card-subtitle,"Austin, TX",Full-time,Other,"Technology, Information and Internet",25 applicants
Software Developer - Part Time Fully Remote,London Computer Systems,https://www.linkedin.com/company/london-computer-systems?trk=public_jobs_jserp-result_job-search-card-subtitle,"Ohio, OH",Part-time,Engineering and Information Technology,Software Development,Over 200 applicants
Software Engineer (Product Engineering),X1,https://www.linkedin.com/company/x1?trk=public_jobs_jserp-result_job-search-card-subtitle,United States,Full-time,Engineering and Information Technology,"Transportation, Logistics, Supply Chain and Storage",28 applicants
Junior Data Entry Operator /Part Time -Remote D,Dackdhaulage,https://www.linkedin.com/company/dackdhaulage?trk=public_jobs_jserp-result_job-search-card-subtitle,"Arizona, United States",Part-time,Administrative,Staffing and Recruiting,Be among the first 25 applicants
Software Development Engineer II,"Tasso, Inc.",https://www.linkedin.com/company/tasso-inc-?trk=public_jobs_jserp-result_job-search-card-subtitle,"Seattle, WA",Full-time,Engineering and Information Technology,Internet Publishing,Over 200 applicants
Junior Data Entry Operator /Part Time -Remote I,Dackdhaulage,https://www.linkedin.com/company/dackdhaulage?trk=public_jobs_jserp-result_job-search-card-subtitle,"Indiana, United States",Part-time,Administrative,Staffing and Recruiting,Be among the first 25 applicants
Software Test Engineer,Agile Tech Labs,https://www.linkedin.com/company/agile-techlabs?trk=public_jobs_jserp-result_job-search-card-subtitle,United States,Full-time,Engineering and Information Technology,Hospitals and Health Care,Over 200 applicants
Territory Manager - Florida,Bose Professional,https://www.linkedin.com/company/bose-professional?trk=public_jobs_jserp-result_job-search-card-subtitle,"Florida, United States",Full-time,Sales and Business Development,Internet Publishing,Be among the first 25 applicants
Senior Software Engineer,Reserv,https://www.linkedin.com/company/reserv-ai?trk=public_jobs_jserp-result_job-search-card-subtitle,"New York, United States",Full-time,Engineering,"Technology, Information and Internet",Over 200 applicants
Junior Data Entry Operator /Part Time -Remote F,Dackdhaulage,https://www.linkedin.com/company/dackdhaulage?trk=public_jobs_jserp-result_job-search-card-subtitle,"Colorado, United States",Part-time,Administrative,Staffing and Recruiting,Be among the first 25 applicants
Software Engineer (Remote),RXNT,https://www.linkedin.com/company/rxnt?trk=public_jobs_jserp-result_job-search-card-subtitle,United States,Full-time,Engineering and Information Technology,Software Development,63 applicants
Writer,Bad Robot Games,https://www.linkedin.com/company/bad-robot-games-llc?trk=public_jobs_jserp-result_job-search-card-subtitle,"Santa Monica, CA",Full-time,"Marketing, Public Relations, and Writing/Editing","Technology, Information and Internet",Over 200 applicants
Software Engineer,Software Technology Inc.,https://www.linkedin.com/company/software-technology-inc?trk=public_jobs_jserp-result_job-search-card-subtitle,United States,Full-time,Engineering and Information Technology,Information Technology & Services,Over 200 applicants
Software Engineer,Xactus,https://www.linkedin.com/company/xactus-llc?trk=public_jobs_jserp-result_job-search-card-subtitle,"Salisbury, MD",Full-time,Engineering and Information Technology,Information Services,Be among the first 25 applicants
"Software Engineer, Frontend",Angle Health,https://www.linkedin.com/company/anglehealth?trk=public_jobs_jserp-result_job-search-card-subtitle,United States,Full-time,Engineering and Information Technology,"Transportation, Logistics, Supply Chain and Storage and Internet Publishing",Over 200 applicants
Full Stack Developer,Pipe17,https://www.linkedin.com/company/pipe17?trk=public_jobs_jserp-result_job-search-card-subtitle,"Seattle, WA",Full-time,Engineering and Information Technology,"Technology, Information and Internet",Be among the first 25 applicants
Backend Software Engineer,MNTN,https://www.linkedin.com/company/wearemntn?trk=public_jobs_jserp-result_job-search-card-subtitle,"Austin, TX",Full-time,Engineering and Information Technology,"Technology, Information and Internet",30 applicants
"Full Stack Engineer (Java, React)",Modus Create,https://www.linkedin.com/company/modus-create?trk=public_jobs_jserp-result_job-search-card-subtitle,"Austin, TX",Full-time,Engineering and Information Technology,"Technology, Information and Internet",Be among the first 25 applicants
Software Engineer (Fullstack / Mobile) Remote,The Valentino Group,https://www.linkedin.com/company/the-valentino-group?trk=public_jobs_jserp-result_job-search-card-subtitle,"San Francisco, CA",Full-time,Engineering and Information Technology,Staffing and Recruiting,47 applicants
Junior Software Analyst (Remote),SynergisticIT,https://www.linkedin.com/company/synergisticit?trk=public_jobs_jserp-result_job-search-card-subtitle,"Honolulu, HI",Contract,Engineering and Information Technology,IT Services and IT Consulting,Be among the first 25 applicants
Sr Full-Stack Software Engineer,Listella,https://www.linkedin.com/company/listella?trk=public_jobs_jserp-result_job-search-card-subtitle,"Orlando, FL",Full-time,Engineering,"Technology, Information and Internet",59 applicants
Fullstack Engineer (Remote - USA),ButterCMS 🧈,https://www.linkedin.com/company/buttercms?trk=public_jobs_jserp-result_job-search-card-subtitle,"Rochester, MI",Full-time,Engineering,"Technology, Information and Internet",Be among the first 25 applicants
Node.js Software Engineer,Madwire®,https://www.linkedin.com/company/madwire?trk=public_jobs_jserp-result_job-search-card-subtitle,"Fort Collins, CO",Full-time,Engineering and Information Technology,Advertising Services,68 applicants
Sr Back-End Software Engineer,Listella,https://www.linkedin.com/company/listella?trk=public_jobs_jserp-result_job-search-card-subtitle,"Orlando, FL",Full-time,Engineering,"Technology, Information and Internet",148 applicants
Manager of Customer Success,FluentStream,https://www.linkedin.com/company/fluentstream-technologies?trk=public_jobs_jserp-result_job-search-card-subtitle,"Colorado, United States",Full-time,Other,Internet Publishing,Over 200 applicants
Software Engineer - Global/Remote,MixRank,https://www.linkedin.com/company/mixrank?trk=public_jobs_jserp-result_job-search-card-subtitle,United States,Full-time,Engineering and Information Technology,Software Development,Over 200 applicants
VP of Engineering,Vic.ai,https://www.linkedin.com/company/vic.ai?trk=public_jobs_jserp-result_job-search-card-subtitle,"New York, NY",Full-time,Engineering and Information Technology,"Technology, Information and Internet",129 applicants
Software Engineer (Payments),Bloomerang,https://www.linkedin.com/company/bloomerang?trk=public_jobs_jserp-result_job-search-card-subtitle,"Indianapolis, IN",Full-time,Engineering and Information Technology,"Technology, Information and Internet",35 applicants
"Chief Executive Officer, SaaS and Enterprise Software Startup",Human Agency,https://www.linkedin.com/company/humanagency?trk=public_jobs_jserp-result_job-search-card-subtitle,"Phoenix, AZ",Full-time,Business Development and Sales,"Technology, Information and Internet",41 applicants
ReactJS Front-end expert,ControlUp,https://www.linkedin.com/company/controlup-technology?trk=public_jobs_jserp-result_job-search-card-subtitle,"America, IA",Full-time,Other,"Transportation, Logistics, Supply Chain and Storage",128 applicants
"Vice President, Engineering",VirtualHealth,https://www.linkedin.com/company/virtualhealth?trk=public_jobs_jserp-result_job-search-card-subtitle,"New York, NY",Full-time,Engineering and Information Technology,"Technology, Information and Internet",90 applicants
Backend Software Engineer,Kensho Technologies,https://www.linkedin.com/company/kensho-technologies?trk=public_jobs_jserp-result_job-search-card-subtitle,United States,Full-time,Engineering and Information Technology,"Transportation, Logistics, Supply Chain and Storage",Over 200 applicants
Software Engineer,Strac,https://www.linkedin.com/company/securewithstrac?trk=public_jobs_jserp-result_job-search-card-subtitle,United States,Full-time,Engineering and Information Technology,"Technology, Information and Internet",Be among the first 25 applicants
"Senior Manager, Operations, Logistics & Systems Management",Starface World,https://www.linkedin.com/company/starface-world-inc?trk=public_jobs_jserp-result_job-search-card-subtitle,"New York, NY",Full-time,Management and Manufacturing,"Technology, Information and Internet",78 applicants
#9370 - Software Engineer,Qualitest,https://uk.linkedin.com/company/qualitest?trk=public_jobs_jserp-result_job-search-card-subtitle,"Redmond, WA",Full-time,Engineering and Information Technology,IT Services and IT Consulting,92 applicants
Software Engineer,Lockheed Martin,https://www.linkedin.com/company/lockheed-martin?trk=public_jobs_jserp-result_job-search-card-subtitle,"Longmont, CO",Full-time,Engineering and Information Technology,Defense and Space Manufacturing,Be among the first 25 applicants
Embedded Software Engineer,"Donato Technologies, Inc.",https://www.linkedin.com/company/donatotechnologies?trk=public_jobs_jserp-result_job-search-card-subtitle,"Cupertino, CA",Contract,Engineering and Information Technology,IT Services and IT Consulting,Over 200 applicants
Software Engineer (Full Stack),LightForce,https://www.linkedin.com/company/lightforceortho?trk=public_jobs_jserp-result_job-search-card-subtitle,"Burlington, MA",Full-time,Engineering and Information Technology,"Technology, Information and Internet",89 applicants
Software Developer - Scripting,Maveris,https://www.linkedin.com/company/maveris?trk=public_jobs_jserp-result_job-search-card-subtitle,"Washington, DC",Full-time,Information Technology,"Technology, Information and Internet",Be among the first 25 applicants
Vice President of Product Management,Brightwell,https://www.linkedin.com/company/brightwell-payments-inc?trk=public_jobs_jserp-result_job-search-card-subtitle,"Atlanta, GA",Full-time,Product Management and Marketing,Internet Publishing,Over 200 applicants
,,,,,,,
